"(member (parameter (member (member (root https://www.npmjs.com/package/yeoman-generator) Base) extend) 0) constructor)","taint","(return (member (member (root https://www.npmjs.com/package/yeoman-generator) Base) extend))","taint",""
"(member (parameter (member (member (member (member (root https://www.npmjs.com/package/yeoman-generator) generators) Base) prototype) expand) 1) nocase)","taint","(return (member (member (member (member (root https://www.npmjs.com/package/yeoman-generator) generators) Base) prototype) expand))","taint",""
"(member (member (parameter (member (member (member (member (root https://www.npmjs.com/package/yeoman-generator) generators) Base) prototype) _prepCopy) 2) 1) nocase)","taint","(return (member (member (member (member (root https://www.npmjs.com/package/yeoman-generator) generators) Base) prototype) expand))","taint",""
"(member (member (parameter (member (member (member (member (root https://www.npmjs.com/package/yeoman-generator) generators) Base) prototype) _prepCopy) 2) 1) cwd)","taint","(return (member (member (member (member (root https://www.npmjs.com/package/yeoman-generator) generators) Base) prototype) destinationRoot))","taint",""
"(member (member (parameter (member (member (member (member (root https://www.npmjs.com/package/yeoman-generator) generators) Base) prototype) _prepCopy) 2) 0) 0)","taint","(return (member (member (member (member (root https://www.npmjs.com/package/yeoman-generator) generators) Base) prototype) engine))","taint",""
"(member (member (member (parameter (root https://www.npmjs.com/package/yeoman-generator) 0) 0) name) trim)","taint","(return (member (member (root https://www.npmjs.com/package/yeoman-generator) prototype) rootGeneratorName))","taint",""
"(member (parameter (member (member (member (member (root https://www.npmjs.com/package/yeoman-generator) generators) Base) prototype) expandFiles) 1) cwd)","taint","(return (member (member (member (member (root https://www.npmjs.com/package/yeoman-generator) generators) Base) prototype) destinationRoot))","taint",""
"(parameter (member (member (member (member (root https://www.npmjs.com/package/yeoman-generator) generators) NamedBase) prototype) engine) 0)","taint","(return (member (member (member (member (root https://www.npmjs.com/package/yeoman-generator) generators) NamedBase) prototype) engine))","taint",""
"(member (parameter (member (member (member (root https://www.npmjs.com/package/yeoman-generator) generators) Base) extend) 0) constructor)","taint","(return (member (member (member (root https://www.npmjs.com/package/yeoman-generator) generators) Base) extend))","taint",""
"(member (member (parameter (member (member (member (member (root https://www.npmjs.com/package/yeoman-generator) generators) Base) prototype) _prepCopy) 2) 0) constructor)","taint","(return (member (member (member (root https://www.npmjs.com/package/yeoman-generator) generators) Base) extend))","taint",""
"(parameter (member (member (member (member (root https://www.npmjs.com/package/yeoman-generator) generators) Base) prototype) engine) 0)","taint","(return (member (member (member (member (root https://www.npmjs.com/package/yeoman-generator) generators) Base) prototype) engine))","taint",""
"(member (parameter (member (member (member (member (root https://www.npmjs.com/package/yeoman-generator) generators) Base) prototype) sourceRoot) 0) 0)","taint","(return (member (member (member (member (root https://www.npmjs.com/package/yeoman-generator) generators) Base) prototype) engine))","taint",""
"(member (member (parameter (member (member (member (root https://www.npmjs.com/package/yeoman-generator) Base) prototype) bowerInstall) 1) 0) constructor)","taint","(return (member (member (root https://www.npmjs.com/package/yeoman-generator) Base) extend))","taint",""
"(member (parameter (member (member (member (member (root https://www.npmjs.com/package/yeoman-generator) generators) Base) prototype) _prepCopy) 2) 0)","taint","(return (member (member (member (member (root https://www.npmjs.com/package/yeoman-generator) generators) Base) prototype) engine))","taint",""
"(member (parameter (member (member (member (root https://www.npmjs.com/package/yeoman-generator) generators) NamedBase) extend) 0) constructor)","taint","(return (member (member (member (root https://www.npmjs.com/package/yeoman-generator) generators) NamedBase) extend))","taint",""
"(parameter (member (root https://www.npmjs.com/package/babel-runtime/helpers/typeof) default) 0)","taint","(return (member (root https://www.npmjs.com/package/babel-runtime/helpers/typeof) default))","taint",""
"(member (member (parameter (member (root https://www.npmjs.com/package/babel-runtime/helpers/create-class) default) 1) 0) 0)","taint","(return (member (root https://www.npmjs.com/package/babel-runtime/helpers/interop-require-default) default))","taint",""
"(parameter (member (root https://www.npmjs.com/package/babel-runtime/core-js/object/define-property) default) 0)","taint","(return (member (root https://www.npmjs.com/package/babel-runtime/core-js/object/define-property) default))","taint",""
"(member (member (parameter (member (root https://www.npmjs.com/package/babel-runtime/helpers/create-class) default) 1) 0) 2)","taint","(return (member (root https://www.npmjs.com/package/babel-runtime/core-js/object/define-property) default))","taint",""
"(parameter (member (root https://www.npmjs.com/package/babel-runtime/helpers/tagged-template-literal-loose) default) 0)","taint","(return (member (root https://www.npmjs.com/package/babel-runtime/helpers/tagged-template-literal-loose) default))","taint",""
"(parameter (member (root https://www.npmjs.com/package/babel-runtime/core-js/object/define-property) default) 1)","taint","(return (member (root https://www.npmjs.com/package/babel-runtime/core-js/object/define-property) default))","taint",""
"(parameter (member (root https://www.npmjs.com/package/babel-runtime/core-js/object/create) default) 0)","taint","(return (member (root https://www.npmjs.com/package/babel-runtime/core-js/object/create) default))","taint",""
"(member (member (parameter (member (root https://www.npmjs.com/package/babel-runtime/helpers/create-class) default) 1) 0) 1)","taint","(return (member (root https://www.npmjs.com/package/babel-runtime/core-js/object/create) default))","taint",""
"(parameter (member (root https://www.npmjs.com/package/babel-runtime/helpers/interop-require-default) default) 0)","taint","(return (member (root https://www.npmjs.com/package/babel-runtime/helpers/interop-require-default) default))","taint",""
"(member (member (parameter (member (root https://www.npmjs.com/package/babel-runtime/helpers/create-class) default) 1) 0) 0)","taint","(return (member (root https://www.npmjs.com/package/babel-runtime/core-js/object/create) default))","taint",""
"(member (member (parameter (member (root https://www.npmjs.com/package/babel-runtime/helpers/create-class) default) 1) 0) 0)","taint","(return (member (root https://www.npmjs.com/package/babel-runtime/core-js/object/define-property) default))","taint",""
"(member (member (parameter (member (root https://www.npmjs.com/package/babel-runtime/helpers/create-class) default) 1) 0) 1)","taint","(return (member (root https://www.npmjs.com/package/babel-runtime/core-js/object/define-property) default))","taint",""
"(parameter (member (root https://www.npmjs.com/package/babel-runtime/core-js/object/create) default) 1)","taint","(return (member (root https://www.npmjs.com/package/babel-runtime/core-js/object/create) default))","taint",""
"(parameter (member (root https://www.npmjs.com/package/babel-runtime/core-js/object/define-property) default) 2)","taint","(return (member (root https://www.npmjs.com/package/babel-runtime/core-js/object/define-property) default))","taint",""
"(parameter (member (root https://www.npmjs.com/package/gulp) task) 0)","taint","(return (member (member (root https://www.npmjs.com/package/gulp) tasks) hasOwnProperty))","taint",""
"(parameter (member (member (root https://www.npmjs.com/package/gulp-util) colors) magenta) 0)","taint","(return (member (member (root https://www.npmjs.com/package/gulp-util) colors) magenta))","taint",""
"(parameter (root https://www.npmjs.com/package/gulp-conflict) 0)","taint","(return (member (root https://www.npmjs.com/package/gulp) src))","taint",""
"(parameter (member (member (root https://www.npmjs.com/package/gulp-util) colors) cyan) 0)","taint","(return (member (member (root https://www.npmjs.com/package/gulp-util) colors) cyan))","taint",""
"(member (member (member (parameter (member (root https://www.npmjs.com/package/path) join) 0) 0) 0) sep)","taint","(return (root https://www.npmjs.com/package/path-is-inside))","taint",""
"(parameter (root https://www.npmjs.com/package/path-is-inside) 1)","taint","(return (root https://www.npmjs.com/package/path-is-inside))","taint",""
"(member (member (member (parameter (member (root https://www.npmjs.com/package/path) join) 0) 0) 0) 1)","taint","(return (root https://www.npmjs.com/package/path-is-inside))","taint",""
"(member (parameter (root https://www.npmjs.com/package/path-to-regexp) 2) end)","taint","(return (root https://www.npmjs.com/package/path-to-regexp))","taint",""
"(member (member (member (member (member (member (parameter (root https://www.npmjs.com/package/path-to-regexp) 0) 0) replace) replace) replace) replace) 3)","taint","(return (root https://www.npmjs.com/package/path-to-regexp))","taint",""
"(member (member (member (member (member (parameter (member (root https://www.npmjs.com/package/path) join) 1) 1) 0) 0) 0) sep)","taint","(return (root https://www.npmjs.com/package/path-is-inside))","taint",""
"(member (member (member (parameter (member (root https://www.npmjs.com/package/path) join) 1) 0) 0) sep)","taint","(return (root https://www.npmjs.com/package/path-is-inside))","taint",""
"(member (member (member (parameter (member (root https://www.npmjs.com/package/path) join) 0) 1) 0) 1)","taint","(return (root https://www.npmjs.com/package/path-is-inside))","taint",""
"(member (member (member (member (member (parameter (member (root https://www.npmjs.com/package/path) join) 0) 1) 1) 1) 0) sep)","taint","(return (root https://www.npmjs.com/package/path-is-inside))","taint",""
"(member (member (member (member (member (parameter (member (root https://www.npmjs.com/package/path) join) 1) 0) 0) 1) 0) sep)","taint","(return (root https://www.npmjs.com/package/path-is-inside))","taint",""
"(member (member (member (member (member (parameter (member (root https://www.npmjs.com/package/path) join) 0) 1) 0) 1) 0) sep)","taint","(return (root https://www.npmjs.com/package/path-is-inside))","taint",""
"(member (member (member (member (parameter (member (root https://www.npmjs.com/package/path) join) 1) 0) 0) 0) sep)","taint","(return (root https://www.npmjs.com/package/path-is-inside))","taint",""
"(member (parameter (member (root https://www.npmjs.com/package/path) resolve) 1) 1)","taint","(return (root https://www.npmjs.com/package/path-is-inside))","taint",""
"(member (member (member (member (member (parameter (member (root https://www.npmjs.com/package/path) join) 1) 0) 1) 1) 0) sep)","taint","(return (root https://www.npmjs.com/package/path-is-inside))","taint",""
"(member (member (member (parameter (member (root https://www.npmjs.com/package/path) join) 1) 1) 1) 1)","taint","(return (root https://www.npmjs.com/package/path-is-inside))","taint",""
"(member (member (parameter (member (root https://www.npmjs.com/package/path) join) 0) 1) 1)","taint","(return (root https://www.npmjs.com/package/path-is-inside))","taint",""
"(member (parameter (member (root https://www.npmjs.com/package/path) resolve) 0) 1)","taint","(return (root https://www.npmjs.com/package/path-is-inside))","taint",""
"(member (member (parameter (member (root https://www.npmjs.com/package/path) join) 1) 0) sep)","taint","(return (root https://www.npmjs.com/package/path-is-inside))","taint",""
"(member (member (member (member (parameter (member (root https://www.npmjs.com/package/path) join) 1) 1) 0) 1) 1)","taint","(return (root https://www.npmjs.com/package/path-is-inside))","taint",""
"(member (member (member (member (parameter (member (root https://www.npmjs.com/package/path) join) 0) 0) 0) 0) 1)","taint","(return (root https://www.npmjs.com/package/path-is-inside))","taint",""
"(member (member (member (member (member (parameter (member (root https://www.npmjs.com/package/path) join) 0) 1) 1) 0) 0) sep)","taint","(return (root https://www.npmjs.com/package/path-is-inside))","taint",""
"(member (member (member (parameter (member (root https://www.npmjs.com/package/path) join) 0) 1) 0) sep)","taint","(return (root https://www.npmjs.com/package/path-is-inside))","taint",""
"(member (parameter (member (root https://www.npmjs.com/package/path-dirname) posix) 0) length)","taint","(return (member (root https://www.npmjs.com/package/path-dirname) posix))","taint",""
"(member (member (member (member (parameter (member (root https://www.npmjs.com/package/path) join) 1) 1) 1) 0) sep)","taint","(return (root https://www.npmjs.com/package/path-is-inside))","taint",""
"(member (member (member (member (member (parameter (member (root https://www.npmjs.com/package/path) join) 1) 1) 1) 0) 0) sep)","taint","(return (root https://www.npmjs.com/package/path-is-inside))","taint",""
"(member (member (member (parameter (member (root https://www.npmjs.com/package/path) join) 0) 0) 1) 1)","taint","(return (root https://www.npmjs.com/package/path-is-inside))","taint",""
"(member (member (member (member (parameter (member (root https://www.npmjs.com/package/path) join) 1) 1) 1) 0) 1)","taint","(return (root https://www.npmjs.com/package/path-is-inside))","taint",""
"(member (member (member (member (parameter (member (root https://www.npmjs.com/package/path) join) 1) 1) 1) 1) 1)","taint","(return (root https://www.npmjs.com/package/path-is-inside))","taint",""
"(member (member (member (member (parameter (member (root https://www.npmjs.com/package/path) join) 0) 1) 0) 1) 1)","taint","(return (root https://www.npmjs.com/package/path-is-inside))","taint",""
"(member (member (member (member (parameter (member (root https://www.npmjs.com/package/path) join) 0) 0) 1) 0) sep)","taint","(return (root https://www.npmjs.com/package/path-is-inside))","taint",""
"(member (member (parameter (member (root https://www.npmjs.com/package/path) join) 0) 0) sep)","taint","(return (root https://www.npmjs.com/package/path-is-inside))","taint",""
"(member (member (parameter (member (root https://www.npmjs.com/package/path) join) 1) 1) 1)","taint","(return (root https://www.npmjs.com/package/path-is-inside))","taint",""
"(member (member (parameter (member (root https://www.npmjs.com/package/path) join) 0) 0) 1)","taint","(return (root https://www.npmjs.com/package/path-is-inside))","taint",""
"(member (member (member (parameter (member (root https://www.npmjs.com/package/path) join) 0) 1) 1) 1)","taint","(return (root https://www.npmjs.com/package/path-is-inside))","taint",""
"(member (member (member (member (parameter (member (root https://www.npmjs.com/package/path) join) 1) 0) 1) 1) 1)","taint","(return (root https://www.npmjs.com/package/path-is-inside))","taint",""
"(member (parameter (member (root https://www.npmjs.com/package/path) join) 0) 1)","taint","(return (root https://www.npmjs.com/package/path-is-inside))","taint",""
"(member (member (member (member (parameter (member (root https://www.npmjs.com/package/path) join) 0) 1) 1) 0) sep)","taint","(return (root https://www.npmjs.com/package/path-is-inside))","taint",""
"(member (member (parameter (member (root https://www.npmjs.com/package/path) join) 1) 0) 1)","taint","(return (root https://www.npmjs.com/package/path-is-inside))","taint",""
"(member (member (member (member (parameter (member (root https://www.npmjs.com/package/path) join) 0) 0) 1) 1) 1)","taint","(return (root https://www.npmjs.com/package/path-is-inside))","taint",""
"(member (member (parameter (member (root https://www.npmjs.com/package/path) resolve) 1) 0) sep)","taint","(return (root https://www.npmjs.com/package/path-is-inside))","taint",""
"(member (member (member (member (member (parameter (member (root https://www.npmjs.com/package/path) join) 0) 0) 0) 1) 0) sep)","taint","(return (root https://www.npmjs.com/package/path-is-inside))","taint",""
"(member (member (member (member (parameter (member (root https://www.npmjs.com/package/path) join) 0) 1) 1) 0) 1)","taint","(return (root https://www.npmjs.com/package/path-is-inside))","taint",""
"(member (member (member (parameter (member (root https://www.npmjs.com/package/path) join) 1) 0) 1) 1)","taint","(return (root https://www.npmjs.com/package/path-is-inside))","taint",""
"(member (member (member (member (member (parameter (member (root https://www.npmjs.com/package/path) join) 0) 0) 0) 0) 0) sep)","taint","(return (root https://www.npmjs.com/package/path-is-inside))","taint",""
"(member (member (parameter (member (root https://www.npmjs.com/package/path) resolve) 0) 0) sep)","taint","(return (root https://www.npmjs.com/package/path-is-inside))","taint",""
"(member (member (member (member (parameter (member (root https://www.npmjs.com/package/path) join) 1) 0) 0) 0) 1)","taint","(return (root https://www.npmjs.com/package/path-is-inside))","taint",""
"(member (parameter (root https://www.npmjs.com/package/path-is-inside) 0) sep)","taint","(return (root https://www.npmjs.com/package/path-is-inside))","taint",""
"(member (member (member (parameter (member (root https://www.npmjs.com/package/path) join) 1) 1) 0) sep)","taint","(return (root https://www.npmjs.com/package/path-is-inside))","taint",""
"(member (member (member (member (member (parameter (member (root https://www.npmjs.com/package/path) join) 1) 1) 1) 1) 0) sep)","taint","(return (root https://www.npmjs.com/package/path-is-inside))","taint",""
"(member (member (member (member (member (parameter (member (root https://www.npmjs.com/package/path) join) 0) 1) 0) 0) 0) sep)","taint","(return (root https://www.npmjs.com/package/path-is-inside))","taint",""
"(member (member (member (member (parameter (member (root https://www.npmjs.com/package/path) join) 0) 1) 1) 1) 1)","taint","(return (root https://www.npmjs.com/package/path-is-inside))","taint",""
"(member (member (member (member (parameter (member (root https://www.npmjs.com/package/path) join) 1) 1) 0) 0) sep)","taint","(return (root https://www.npmjs.com/package/path-is-inside))","taint",""
"(member (member (member (member (member (parameter (member (root https://www.npmjs.com/package/path) join) 0) 0) 1) 0) 0) sep)","taint","(return (root https://www.npmjs.com/package/path-is-inside))","taint",""
"(member (member (member (member (parameter (member (root https://www.npmjs.com/package/path) join) 0) 0) 0) 0) sep)","taint","(return (root https://www.npmjs.com/package/path-is-inside))","taint",""
"(member (member (member (member (member (parameter (member (root https://www.npmjs.com/package/path) join) 1) 0) 1) 0) 0) sep)","taint","(return (root https://www.npmjs.com/package/path-is-inside))","taint",""
"(member (member (member (member (parameter (member (root https://www.npmjs.com/package/path) join) 1) 0) 1) 0) sep)","taint","(return (root https://www.npmjs.com/package/path-is-inside))","taint",""
"(member (member (member (member (parameter (member (root https://www.npmjs.com/package/path) join) 1) 1) 0) 0) 1)","taint","(return (root https://www.npmjs.com/package/path-is-inside))","taint",""
"(member (parameter (member (root https://www.npmjs.com/package/path-dirname) posix) 0) slice)","taint","(return (member (root https://www.npmjs.com/package/path-dirname) posix))","taint",""
"(member (member (member (member (parameter (member (root https://www.npmjs.com/package/path) join) 1) 0) 0) 1) 1)","taint","(return (root https://www.npmjs.com/package/path-is-inside))","taint",""
"(member (member (member (member (member (parameter (member (root https://www.npmjs.com/package/path) join) 1) 0) 0) 0) 0) sep)","taint","(return (root https://www.npmjs.com/package/path-is-inside))","taint",""
"(member (member (member (member (parameter (member (root https://www.npmjs.com/package/path) join) 1) 0) 1) 0) 1)","taint","(return (root https://www.npmjs.com/package/path-is-inside))","taint",""
"(member (parameter (member (root https://www.npmjs.com/package/path) join) 1) 1)","taint","(return (root https://www.npmjs.com/package/path-is-inside))","taint",""
"(member (member (member (parameter (member (root https://www.npmjs.com/package/path) join) 1) 1) 0) 1)","taint","(return (root https://www.npmjs.com/package/path-is-inside))","taint",""
"(member (member (member (member (member (parameter (member (root https://www.npmjs.com/package/path) join) 0) 0) 1) 1) 0) sep)","taint","(return (root https://www.npmjs.com/package/path-is-inside))","taint",""
"(member (member (member (member (member (parameter (member (root https://www.npmjs.com/package/path) join) 1) 1) 0) 1) 0) sep)","taint","(return (root https://www.npmjs.com/package/path-is-inside))","taint",""
"(member (member (member (parameter (member (root https://www.npmjs.com/package/path) join) 1) 0) 0) 1)","taint","(return (root https://www.npmjs.com/package/path-is-inside))","taint",""
"(member (member (member (member (parameter (member (root https://www.npmjs.com/package/path) join) 0) 1) 0) 0) sep)","taint","(return (root https://www.npmjs.com/package/path-is-inside))","taint",""
"(member (member (member (member (parameter (member (root https://www.npmjs.com/package/path) join) 0) 1) 0) 0) 1)","taint","(return (root https://www.npmjs.com/package/path-is-inside))","taint",""
"(member (member (member (member (parameter (member (root https://www.npmjs.com/package/path) join) 0) 0) 0) 1) 1)","taint","(return (root https://www.npmjs.com/package/path-is-inside))","taint",""
"(member (member (member (member (parameter (member (root https://www.npmjs.com/package/path) join) 0) 0) 1) 0) 1)","taint","(return (root https://www.npmjs.com/package/path-is-inside))","taint",""
"(parameter (member (member (root https://www.npmjs.com/package/gulp-util) colors) cyan) 0)","taint","(return (member (member (root https://www.npmjs.com/package/gulp-util) colors) cyan))","taint",""
"(parameter (member (member (root https://www.npmjs.com/package/gulp-util) colors) red) 0)","taint","(return (member (member (root https://www.npmjs.com/package/gulp-util) colors) red))","taint",""
"(parameter (member (member (root https://www.npmjs.com/package/gulp-util) colors) blue) 0)","taint","(return (member (member (root https://www.npmjs.com/package/gulp-util) colors) blue))","taint",""
"(parameter (member (member (root https://www.npmjs.com/package/gulp-util) colors) gray) 0)","taint","(return (member (member (root https://www.npmjs.com/package/gulp-util) colors) gray))","taint",""
"(member (parameter (member (member (member (root https://www.npmjs.com/package/commander) options) 14) is) 0) replace)","taint","(return (member (member (member (root https://www.npmjs.com/package/commander) options) 14) name))","taint",""
"(member (parameter (member (root https://www.npmjs.com/package/commander) emit) 1) replace)","taint","(return (member (member (member (root https://www.npmjs.com/package/commander) options) 16) name))","taint",""
"(member (parameter (member (root https://www.npmjs.com/package/commander) on) 1) replace)","taint","(return (member (member (member (root https://www.npmjs.com/package/commander) options) 14) name))","taint",""
"(member (parameter (member (member (member (root https://www.npmjs.com/package/commander) options) 8) is) 0) replace)","taint","(return (member (member (member (root https://www.npmjs.com/package/commander) options) 8) name))","taint",""
"(member (parameter (member (root https://www.npmjs.com/package/commander) on) 1) replace)","taint","(return (member (member (member (root https://www.npmjs.com/package/commander) options) 21) name))","taint",""
"(member (parameter (member (member (member (root https://www.npmjs.com/package/commander) options) 0) is) 0) replace)","taint","(return (member (member (member (root https://www.npmjs.com/package/commander) options) 0) name))","taint",""
"(member (member (parameter (member (member (member (root https://www.npmjs.com/package/commander) options) 2) is) 0) long) replace)","taint","(return (member (member (member (root https://www.npmjs.com/package/commander) options) 2) name))","taint",""
"(member (parameter (member (root https://www.npmjs.com/package/commander) emit) 1) replace)","taint","(return (member (member (member (root https://www.npmjs.com/package/commander) options) 8) name))","taint",""
"(member (parameter (member (root https://www.npmjs.com/package/commander) emit) 1) replace)","taint","(return (member (member (member (root https://www.npmjs.com/package/commander) options) 6) name))","taint",""
"(member (parameter (member (root https://www.npmjs.com/package/commander) emit) 1) replace)","taint","(return (member (member (member (root https://www.npmjs.com/package/commander) options) 42) name))","taint",""
"(member (member (parameter (member (member (member (root https://www.npmjs.com/package/commander) options) 21) is) 0) long) replace)","taint","(return (member (member (member (root https://www.npmjs.com/package/commander) options) 21) name))","taint",""
"(member (parameter (member (member (member (root https://www.npmjs.com/package/commander) options) 6) is) 0) replace)","taint","(return (member (member (member (root https://www.npmjs.com/package/commander) options) 6) name))","taint",""
"(member (member (parameter (member (member (member (root https://www.npmjs.com/package/commander) options) 16) is) 0) long) replace)","taint","(return (member (member (member (root https://www.npmjs.com/package/commander) options) 16) name))","taint",""
"(member (member (parameter (member (member (member (root https://www.npmjs.com/package/commander) options) 34) is) 0) long) replace)","taint","(return (member (member (member (root https://www.npmjs.com/package/commander) options) 34) name))","taint",""
"(parameter (root https://www.npmjs.com/package/core-js/library/fn/object/create) 0)","taint","(return (root https://www.npmjs.com/package/core-js/library/fn/object/create))","taint",""
"(member (parameter (member (root https://www.npmjs.com/package/commander) on) 1) replace)","taint","(return (member (member (member (root https://www.npmjs.com/package/commander) options) 2) name))","taint",""
"(member (parameter (member (member (member (root https://www.npmjs.com/package/commander) options) 42) is) 0) replace)","taint","(return (member (member (member (root https://www.npmjs.com/package/commander) options) 42) name))","taint",""
"(member (parameter (member (root https://www.npmjs.com/package/commander) on) 1) replace)","taint","(return (member (member (member (root https://www.npmjs.com/package/commander) options) 0) name))","taint",""
"(member (parameter (member (root https://www.npmjs.com/package/commander) on) 1) replace)","taint","(return (member (member (member (root https://www.npmjs.com/package/commander) options) 16) name))","taint",""
"(member (parameter (member (member (member (root https://www.npmjs.com/package/commander) options) 34) is) 0) replace)","taint","(return (member (member (member (root https://www.npmjs.com/package/commander) options) 34) name))","taint",""
"(member (parameter (member (member (member (root https://www.npmjs.com/package/commander) options) 2) is) 0) replace)","taint","(return (member (member (member (root https://www.npmjs.com/package/commander) options) 2) name))","taint",""
"(member (member (parameter (member (member (member (root https://www.npmjs.com/package/commander) options) 14) is) 0) long) replace)","taint","(return (member (member (member (root https://www.npmjs.com/package/commander) options) 14) name))","taint",""
"(member (parameter (member (root https://www.npmjs.com/package/commander) on) 1) replace)","taint","(return (member (member (member (root https://www.npmjs.com/package/commander) options) 42) name))","taint",""
"(member (parameter (member (root https://www.npmjs.com/package/commander) emit) 1) replace)","taint","(return (member (member (member (root https://www.npmjs.com/package/commander) options) 34) name))","taint",""
"(parameter (root https://www.npmjs.com/package/core-js/library/fn/object/create) 1)","taint","(return (root https://www.npmjs.com/package/core-js/library/fn/object/create))","taint",""
"(member (parameter (member (root https://www.npmjs.com/package/commander) emit) 1) replace)","taint","(return (member (member (member (root https://www.npmjs.com/package/commander) options) 14) name))","taint",""
"(member (parameter (member (member (member (root https://www.npmjs.com/package/commander) options) 16) is) 0) replace)","taint","(return (member (member (member (root https://www.npmjs.com/package/commander) options) 16) name))","taint",""
"(member (parameter (member (root https://www.npmjs.com/package/commander) on) 1) replace)","taint","(return (member (member (member (root https://www.npmjs.com/package/commander) options) 8) name))","taint",""
"(member (parameter (member (member (member (root https://www.npmjs.com/package/commander) options) 21) is) 0) replace)","taint","(return (member (member (member (root https://www.npmjs.com/package/commander) options) 21) name))","taint",""
"(member (member (parameter (member (member (member (root https://www.npmjs.com/package/commander) options) 6) is) 0) long) replace)","taint","(return (member (member (member (root https://www.npmjs.com/package/commander) options) 6) name))","taint",""
"(member (member (parameter (member (member (member (root https://www.npmjs.com/package/commander) options) 8) is) 0) long) replace)","taint","(return (member (member (member (root https://www.npmjs.com/package/commander) options) 8) name))","taint",""
"(member (parameter (member (root https://www.npmjs.com/package/commander) on) 1) replace)","taint","(return (member (member (member (root https://www.npmjs.com/package/commander) options) 6) name))","taint",""
"(member (member (parameter (member (member (member (root https://www.npmjs.com/package/commander) options) 42) is) 0) long) replace)","taint","(return (member (member (member (root https://www.npmjs.com/package/commander) options) 42) name))","taint",""
"(member (member (parameter (member (member (member (root https://www.npmjs.com/package/commander) options) 0) is) 0) long) replace)","taint","(return (member (member (member (root https://www.npmjs.com/package/commander) options) 0) name))","taint",""
"(parameter (member (root https://www.npmjs.com/package/chalk) greenBright) 0)","taint","(return (member (root https://www.npmjs.com/package/chalk) greenBright))","taint",""
"(parameter (member (member (root https://www.npmjs.com/package/chalk) green) bold) 0)","taint","(return (member (member (root https://www.npmjs.com/package/chalk) green) bold))","taint",""
"(member (member (parameter (member (root https://www.npmjs.com/package/chalk) cyan) 0) replace) replace)","taint","(return (member (root https://www.npmjs.com/package/chalk) cyan))","taint",""
"(member (parameter (member (root https://www.npmjs.com/package/chalk) gray) 0) replace)","taint","(return (member (root https://www.npmjs.com/package/chalk) gray))","taint",""
"(member (parameter (member (root https://www.npmjs.com/package/chalk) green) 0) replace)","taint","(return (member (root https://www.npmjs.com/package/chalk) green))","taint",""
"(member (member (parameter (member (member (root https://www.npmjs.com/package/chalk) cyan) bold) 0) replace) replace)","taint","(return (member (member (root https://www.npmjs.com/package/chalk) cyan) bold))","taint",""
"(parameter (member (member (root https://www.npmjs.com/package/chalk) red) underline) 0)","taint","(return (member (member (root https://www.npmjs.com/package/chalk) red) underline))","taint",""
"(parameter (member (root https://www.npmjs.com/package/chalk) grey) 0)","taint","(return (member (root https://www.npmjs.com/package/chalk) grey))","taint",""
"(parameter (member (root https://www.npmjs.com/package/chalk) white) 0)","taint","(return (member (root https://www.npmjs.com/package/chalk) white))","taint",""
"(member (parameter (member (root https://www.npmjs.com/package/chalk) magenta) 0) replace)","taint","(return (member (root https://www.npmjs.com/package/chalk) magenta))","taint",""
"(member (parameter (member (root https://www.npmjs.com/package/chalk) cyan) 0) replace)","taint","(return (member (root https://www.npmjs.com/package/chalk) cyan))","taint",""
"(parameter (member (root https://www.npmjs.com/package/chalk) red) 0)","taint","(return (member (root https://www.npmjs.com/package/chalk) red))","taint",""
"(parameter (member (root https://www.npmjs.com/package/chalk) bold) 0)","taint","(return (member (root https://www.npmjs.com/package/chalk) bold))","taint",""
"(parameter (member (root https://www.npmjs.com/package/chalk) cyan) 0)","taint","(return (member (root https://www.npmjs.com/package/chalk) cyan))","taint",""
"(member (member (parameter (member (root https://www.npmjs.com/package/chalk) underline) 0) replace) replace)","taint","(return (member (root https://www.npmjs.com/package/chalk) underline))","taint",""
"(parameter (member (root https://www.npmjs.com/package/chalk) redBright) 0)","taint","(return (member (root https://www.npmjs.com/package/chalk) redBright))","taint",""
"(member (member (parameter (member (root https://www.npmjs.com/package/chalk) gray) 0) replace) replace)","taint","(return (member (root https://www.npmjs.com/package/chalk) gray))","taint",""
"(member (member (member (parameter (member (member (root https://www.npmjs.com/package/chalk) cyan) bold) 0) replace) replace) replace)","taint","(return (member (member (root https://www.npmjs.com/package/chalk) cyan) bold))","taint",""
"(parameter (member (member (root https://www.npmjs.com/package/chalk) bold) red) 0)","taint","(return (member (member (root https://www.npmjs.com/package/chalk) bold) red))","taint",""
"(parameter (member (root https://www.npmjs.com/package/chalk) gray) 0)","taint","(return (member (root https://www.npmjs.com/package/chalk) gray))","taint",""
"(member (member (parameter (member (root https://www.npmjs.com/package/chalk) magenta) 0) replace) replace)","taint","(return (member (root https://www.npmjs.com/package/chalk) magenta))","taint",""
"(parameter (member (root https://www.npmjs.com/package/chalk) green) 0)","taint","(return (member (root https://www.npmjs.com/package/chalk) green))","taint",""
"(parameter (member (root https://www.npmjs.com/package/chalk) magenta) 0)","taint","(return (member (root https://www.npmjs.com/package/chalk) magenta))","taint",""
"(parameter (member (root https://www.npmjs.com/package/chalk) yellow) 0)","taint","(return (member (root https://www.npmjs.com/package/chalk) yellow))","taint",""
"(parameter (member (member (member (root https://www.npmjs.com/package/chalk) yellow) dim) underline) 0)","taint","(return (member (member (member (root https://www.npmjs.com/package/chalk) yellow) dim) underline))","taint",""
"(member (parameter (member (root https://www.npmjs.com/package/chalk) underline) 0) replace)","taint","(return (member (root https://www.npmjs.com/package/chalk) underline))","taint",""
"(parameter (member (root https://www.npmjs.com/package/chalk) blue) 0)","taint","(return (member (root https://www.npmjs.com/package/chalk) blue))","taint",""
"(parameter (member (member (root https://www.npmjs.com/package/chalk) yellow) bold) 0)","taint","(return (member (member (root https://www.npmjs.com/package/chalk) yellow) bold))","taint",""
"(member (member (member (member (parameter (member (member (root https://www.npmjs.com/package/chalk) cyan) bold) 0) replace) replace) replace) replace)","taint","(return (member (member (root https://www.npmjs.com/package/chalk) cyan) bold))","taint",""
"(parameter (member (member (root https://www.npmjs.com/package/chalk) greenBright) bold) 0)","taint","(return (member (member (root https://www.npmjs.com/package/chalk) greenBright) bold))","taint",""
"(member (parameter (member (root https://www.npmjs.com/package/typescript) getDefaultLibFilePath) 0) target)","taint","(return (member (root https://www.npmjs.com/package/typescript) getDefaultLibFilePath))","taint",""
"(parameter (root https://www.npmjs.com/package/superagent-proxy) 0)","taint","(return (root https://www.npmjs.com/package/superagent-proxy))","taint",""
"(parameter (root https://www.npmjs.com/package/superagent-no-cache) 0)","taint","(return (root https://www.npmjs.com/package/superagent-no-cache))","taint",""
"(member (parameter (root https://www.npmjs.com/package/classnames) 0) substr)","taint","(return (root https://www.npmjs.com/package/classnames))","taint",""
"(parameter (root https://www.npmjs.com/package/q) 0)","taint","(return (root https://www.npmjs.com/package/q))","taint",""
"(parameter (member (root https://www.npmjs.com/package/q) isPromiseAlike) 0)","taint","(return (member (root https://www.npmjs.com/package/q) isPromiseAlike))","taint",""
"(member (parameter (member (root https://www.npmjs.com/package/ramda) is) 1) constructor)","taint","(return (member (root https://www.npmjs.com/package/ramda) is))","taint",""
"(member (parameter (root https://www.npmjs.com/package/ramda/src/concat) 1) isPrototypeOf)","taint","(return (root https://www.npmjs.com/package/ramda/src/apply))","taint",""
"(member (parameter (root https://www.npmjs.com/package/ramda/src/concat) 1) proto2)","taint","(return (root https://www.npmjs.com/package/ramda/src/apply))","taint",""
"(member (parameter (root https://www.npmjs.com/package/ramda/src/concat) 1) field1)","taint","(return (root https://www.npmjs.com/package/ramda/src/apply))","taint",""
"(member (parameter (root https://www.npmjs.com/package/ramda/src/concat) 1) __defineGetter__)","taint","(return (root https://www.npmjs.com/package/ramda/src/apply))","taint",""
"(parameter (root https://www.npmjs.com/package/ramda/src/reduce) 1)","taint","(return (root https://www.npmjs.com/package/ramda/src/reduce))","taint",""
"(member (parameter (root https://www.npmjs.com/package/ramda/src/concat) 1) __defineSetter__)","taint","(return (root https://www.npmjs.com/package/ramda/src/apply))","taint",""
"(member (parameter (root https://www.npmjs.com/package/ramda/src/concat) 1) hasOwnProperty)","taint","(return (root https://www.npmjs.com/package/ramda/src/apply))","taint",""
"(parameter (member (root https://www.npmjs.com/package/ramda) merge) 1)","taint","(return (member (root https://www.npmjs.com/package/ramda) merge))","taint",""
"(member (parameter (root https://www.npmjs.com/package/ramda/src/concat) 1) toString)","taint","(return (root https://www.npmjs.com/package/ramda/src/apply))","taint",""
"(member (parameter (root https://www.npmjs.com/package/ramda/src/concat) 1) toLocaleString)","taint","(return (root https://www.npmjs.com/package/ramda/src/apply))","taint",""
"(member (parameter (root https://www.npmjs.com/package/ramda/src/concat) 1) constructor)","taint","(return (root https://www.npmjs.com/package/ramda/src/apply))","taint",""
"(member (parameter (root https://www.npmjs.com/package/ramda/src/concat) 1) proto1)","taint","(return (root https://www.npmjs.com/package/ramda/src/apply))","taint",""
"(member (parameter (root https://www.npmjs.com/package/ramda/src/concat) 1) propertyIsEnumerable)","taint","(return (root https://www.npmjs.com/package/ramda/src/apply))","taint",""
"(member (parameter (root https://www.npmjs.com/package/ramda/src/concat) 1) __lookupGetter__)","taint","(return (root https://www.npmjs.com/package/ramda/src/apply))","taint",""
"(member (parameter (root https://www.npmjs.com/package/ramda/src/concat) 1) field2)","taint","(return (root https://www.npmjs.com/package/ramda/src/apply))","taint",""
"(parameter (member (root https://www.npmjs.com/package/ramda) propOr) 0)","taint","(return (member (root https://www.npmjs.com/package/ramda) propOr))","taint",""
"(parameter (member (root https://www.npmjs.com/package/ramda) is) 1)","taint","(return (member (root https://www.npmjs.com/package/ramda) is))","taint",""
"(member (parameter (root https://www.npmjs.com/package/ramda/src/concat) 1) valueOf)","taint","(return (root https://www.npmjs.com/package/ramda/src/apply))","taint",""
"(member (parameter (root https://www.npmjs.com/package/ramda/src/concat) 1) __lookupSetter__)","taint","(return (root https://www.npmjs.com/package/ramda/src/apply))","taint",""
"(parameter (member (root https://www.npmjs.com/package/ejs) escapeXML) 0)","taint","(return (member (root https://www.npmjs.com/package/ejs) escapeXML))","taint",""
"(member (parameter (member (root https://www.npmjs.com/package/ejs) escapeXML) 0) replace)","taint","(return (member (root https://www.npmjs.com/package/ejs) escapeXML))","taint",""
"(parameter (member (root https://www.npmjs.com/package/moment) isMoment) 0)","taint","(return (member (root https://www.npmjs.com/package/moment) isMoment))","taint",""
"(member (parameter (member (root https://www.npmjs.com/package/moment) isMoment) 0) _isAMomentObject)","taint","(return (member (root https://www.npmjs.com/package/moment) isMoment))","taint",""
"(parameter (member (root https://www.npmjs.com/package/bluebird) promisifyAll) 0)","taint","(return (member (root https://www.npmjs.com/package/bluebird) promisifyAll))","taint",""
"(parameter (member (root https://www.npmjs.com/package/bluebird) resolve) 0)","taint","(return (member (root https://www.npmjs.com/package/bluebird) resolve))","taint",""
"(member (member (parameter (member (member (root https://www.npmjs.com/package/react) Children) map) 0) 0) $$typeof)","taint","(return (member (root https://www.npmjs.com/package/react/lib/React) isValidElement))","taint",""
"(parameter (member (member (root https://www.npmjs.com/package/react) Children) forEach) 0)","taint","(return (member (member (root https://www.npmjs.com/package/react) Children) forEach))","taint",""
"(member (parameter (member (root https://www.npmjs.com/package/react-is) isElement) 0) $$typeof)","taint","(return (member (root https://www.npmjs.com/package/react-is) isElement))","taint",""
"(member (parameter (member (root https://www.npmjs.com/package/react/lib/React) isValidElement) 0) $$typeof)","taint","(return (member (root https://www.npmjs.com/package/react/lib/React) isValidElement))","taint",""
"(parameter (member (member (root https://www.npmjs.com/package/react) Children) map) 0)","taint","(return (member (member (root https://www.npmjs.com/package/react) Children) map))","taint",""
"(member (parameter (member (member (member (root https://www.npmjs.com/package/commander) options) 14) is) 0) replace)","taint","(return (member (member (member (root https://www.npmjs.com/package/commander) options) 14) name))","taint",""
"(member (parameter (member (root https://www.npmjs.com/package/commander) emit) 1) replace)","taint","(return (member (member (member (root https://www.npmjs.com/package/commander) options) 16) name))","taint",""
"(member (parameter (member (member (member (root https://www.npmjs.com/package/commander) options) 1) is) 0) replace)","taint","(return (member (member (member (root https://www.npmjs.com/package/commander) options) 1) name))","taint",""
"(member (parameter (member (member (member (root https://www.npmjs.com/package/commander) options) 5) is) 0) replace)","taint","(return (member (member (member (root https://www.npmjs.com/package/commander) options) 5) name))","taint",""
"(member (parameter (member (root https://www.npmjs.com/package/commander) on) 1) replace)","taint","(return (member (member (member (root https://www.npmjs.com/package/commander) options) 34) name))","taint",""
"(member (parameter (member (root https://www.npmjs.com/package/commander) on) 1) replace)","taint","(return (member (member (member (root https://www.npmjs.com/package/commander) options) 14) name))","taint",""
"(member (member (parameter (member (member (member (root https://www.npmjs.com/package/commander) options) 17) is) 0) long) replace)","taint","(return (member (member (member (root https://www.npmjs.com/package/commander) options) 17) name))","taint",""
"(member (parameter (member (root https://www.npmjs.com/package/commander) on) 1) replace)","taint","(return (member (member (member (root https://www.npmjs.com/package/commander) options) 1) name))","taint",""
"(member (member (parameter (member (member (member (root https://www.npmjs.com/package/commander) options) 1) is) 0) long) replace)","taint","(return (member (member (member (root https://www.npmjs.com/package/commander) options) 1) name))","taint",""
"(member (parameter (member (member (member (root https://www.npmjs.com/package/commander) options) 8) is) 0) replace)","taint","(return (member (member (member (root https://www.npmjs.com/package/commander) options) 8) name))","taint",""
"(member (member (parameter (member (member (member (root https://www.npmjs.com/package/commander) options) 2) is) 0) long) replace)","taint","(return (member (member (member (root https://www.npmjs.com/package/commander) options) 2) name))","taint",""
"(member (parameter (member (root https://www.npmjs.com/package/commander) emit) 1) replace)","taint","(return (member (member (member (root https://www.npmjs.com/package/commander) options) 2) name))","taint",""
"(member (parameter (member (member (member (root https://www.npmjs.com/package/commander) options) 4) is) 0) replace)","taint","(return (member (member (member (root https://www.npmjs.com/package/commander) options) 4) name))","taint",""
"(member (member (parameter (member (member (member (root https://www.npmjs.com/package/commander) options) 19) is) 0) long) replace)","taint","(return (member (member (member (root https://www.npmjs.com/package/commander) options) 19) name))","taint",""
"(member (parameter (member (root https://www.npmjs.com/package/commander) emit) 1) replace)","taint","(return (member (member (member (root https://www.npmjs.com/package/commander) options) 9) name))","taint",""
"(member (parameter (member (root https://www.npmjs.com/package/commander) emit) 1) replace)","taint","(return (member (member (member (root https://www.npmjs.com/package/commander) options) 8) name))","taint",""
"(member (parameter (member (root https://www.npmjs.com/package/commander) emit) 1) replace)","taint","(return (member (member (member (root https://www.npmjs.com/package/commander) options) 6) name))","taint",""
"(member (parameter (member (root https://www.npmjs.com/package/commander) emit) 1) replace)","taint","(return (member (member (member (root https://www.npmjs.com/package/commander) options) 42) name))","taint",""
"(member (member (parameter (member (member (member (root https://www.npmjs.com/package/commander) options) 21) is) 0) long) replace)","taint","(return (member (member (member (root https://www.npmjs.com/package/commander) options) 21) name))","taint",""
"(member (parameter (member (member (member (root https://www.npmjs.com/package/commander) options) 6) is) 0) replace)","taint","(return (member (member (member (root https://www.npmjs.com/package/commander) options) 6) name))","taint",""
"(member (parameter (member (root https://www.npmjs.com/package/commander) emit) 1) replace)","taint","(return (member (member (member (root https://www.npmjs.com/package/commander) options) 21) name))","taint",""
"(member (member (parameter (member (member (member (root https://www.npmjs.com/package/commander) options) 16) is) 0) long) replace)","taint","(return (member (member (member (root https://www.npmjs.com/package/commander) options) 16) name))","taint",""
"(member (parameter (member (root https://www.npmjs.com/package/commander) emit) 1) replace)","taint","(return (member (member (member (root https://www.npmjs.com/package/commander) options) 13) name))","taint",""
"(member (member (parameter (member (member (member (root https://www.npmjs.com/package/commander) options) 34) is) 0) long) replace)","taint","(return (member (member (member (root https://www.npmjs.com/package/commander) options) 34) name))","taint",""
"(member (parameter (member (member (member (root https://www.npmjs.com/package/commander) options) 17) is) 0) replace)","taint","(return (member (member (member (root https://www.npmjs.com/package/commander) options) 17) name))","taint",""
"(member (parameter (member (member (member (root https://www.npmjs.com/package/commander) options) 42) is) 0) replace)","taint","(return (member (member (member (root https://www.npmjs.com/package/commander) options) 42) name))","taint",""
"(member (parameter (member (root https://www.npmjs.com/package/commander) on) 1) replace)","taint","(return (member (member (member (root https://www.npmjs.com/package/commander) options) 16) name))","taint",""
"(member (parameter (member (member (member (root https://www.npmjs.com/package/commander) options) 13) is) 0) replace)","taint","(return (member (member (member (root https://www.npmjs.com/package/commander) options) 13) name))","taint",""
"(member (parameter (member (member (member (root https://www.npmjs.com/package/commander) options) 34) is) 0) replace)","taint","(return (member (member (member (root https://www.npmjs.com/package/commander) options) 34) name))","taint",""
"(member (parameter (member (member (member (root https://www.npmjs.com/package/commander) options) 2) is) 0) replace)","taint","(return (member (member (member (root https://www.npmjs.com/package/commander) options) 2) name))","taint",""
"(member (member (parameter (member (member (member (root https://www.npmjs.com/package/commander) options) 14) is) 0) long) replace)","taint","(return (member (member (member (root https://www.npmjs.com/package/commander) options) 14) name))","taint",""
"(member (member (parameter (member (member (member (root https://www.npmjs.com/package/commander) options) 4) is) 0) long) replace)","taint","(return (member (member (member (root https://www.npmjs.com/package/commander) options) 4) name))","taint",""
"(member (member (parameter (member (member (member (root https://www.npmjs.com/package/commander) options) 5) is) 0) long) replace)","taint","(return (member (member (member (root https://www.npmjs.com/package/commander) options) 5) name))","taint",""
"(member (parameter (member (root https://www.npmjs.com/package/commander) on) 1) replace)","taint","(return (member (member (member (root https://www.npmjs.com/package/commander) options) 42) name))","taint",""
"(member (parameter (member (root https://www.npmjs.com/package/commander) emit) 1) replace)","taint","(return (member (member (member (root https://www.npmjs.com/package/commander) options) 19) name))","taint",""
"(member (member (parameter (member (member (member (root https://www.npmjs.com/package/commander) options) 15) is) 0) long) replace)","taint","(return (member (member (member (root https://www.npmjs.com/package/commander) options) 15) name))","taint",""
"(member (parameter (member (root https://www.npmjs.com/package/commander) emit) 1) replace)","taint","(return (member (member (member (root https://www.npmjs.com/package/commander) options) 34) name))","taint",""
"(member (member (parameter (member (member (member (root https://www.npmjs.com/package/commander) options) 13) is) 0) long) replace)","taint","(return (member (member (member (root https://www.npmjs.com/package/commander) options) 13) name))","taint",""
"(member (parameter (member (root https://www.npmjs.com/package/commander) emit) 1) replace)","taint","(return (member (member (member (root https://www.npmjs.com/package/commander) options) 4) name))","taint",""
"(member (member (parameter (member (member (member (root https://www.npmjs.com/package/commander) options) 9) is) 0) long) replace)","taint","(return (member (member (member (root https://www.npmjs.com/package/commander) options) 9) name))","taint",""
"(member (parameter (member (member (member (root https://www.npmjs.com/package/commander) options) 9) is) 0) replace)","taint","(return (member (member (member (root https://www.npmjs.com/package/commander) options) 9) name))","taint",""
"(member (parameter (member (member (member (root https://www.npmjs.com/package/commander) options) 19) is) 0) replace)","taint","(return (member (member (member (root https://www.npmjs.com/package/commander) options) 19) name))","taint",""
"(member (parameter (member (root https://www.npmjs.com/package/commander) emit) 1) replace)","taint","(return (member (member (member (root https://www.npmjs.com/package/commander) options) 14) name))","taint",""
"(member (parameter (member (member (member (root https://www.npmjs.com/package/commander) options) 15) is) 0) replace)","taint","(return (member (member (member (root https://www.npmjs.com/package/commander) options) 15) name))","taint",""
"(member (parameter (member (member (member (root https://www.npmjs.com/package/commander) options) 16) is) 0) replace)","taint","(return (member (member (member (root https://www.npmjs.com/package/commander) options) 16) name))","taint",""
"(member (parameter (member (root https://www.npmjs.com/package/commander) on) 1) replace)","taint","(return (member (member (member (root https://www.npmjs.com/package/commander) options) 8) name))","taint",""
"(member (parameter (member (member (member (root https://www.npmjs.com/package/commander) options) 21) is) 0) replace)","taint","(return (member (member (member (root https://www.npmjs.com/package/commander) options) 21) name))","taint",""
"(member (member (parameter (member (member (member (root https://www.npmjs.com/package/commander) options) 6) is) 0) long) replace)","taint","(return (member (member (member (root https://www.npmjs.com/package/commander) options) 6) name))","taint",""
"(member (member (parameter (member (member (member (root https://www.npmjs.com/package/commander) options) 8) is) 0) long) replace)","taint","(return (member (member (member (root https://www.npmjs.com/package/commander) options) 8) name))","taint",""
"(member (parameter (member (root https://www.npmjs.com/package/commander) emit) 1) replace)","taint","(return (member (member (member (root https://www.npmjs.com/package/commander) options) 15) name))","taint",""
"(member (parameter (member (root https://www.npmjs.com/package/commander) on) 1) replace)","taint","(return (member (member (member (root https://www.npmjs.com/package/commander) options) 6) name))","taint",""
"(member (member (parameter (member (member (member (root https://www.npmjs.com/package/commander) options) 42) is) 0) long) replace)","taint","(return (member (member (member (root https://www.npmjs.com/package/commander) options) 42) name))","taint",""
"(member (parameter (member (root https://www.npmjs.com/package/commander) on) 1) replace)","taint","(return (member (member (member (root https://www.npmjs.com/package/commander) options) 17) name))","taint",""
"(member (parameter (member (root https://www.npmjs.com/package/commander) emit) 1) replace)","taint","(return (member (member (member (root https://www.npmjs.com/package/commander) options) 5) name))","taint",""
"(member (parameter (member (root https://www.npmjs.com/package/commander) emit) 1) replace)","taint","(return (member (member (member (root https://www.npmjs.com/package/commander) options) 17) name))","taint",""
"(parameter (member (root https://www.npmjs.com/package/underscore) isFunction) 0)","taint","(return (member (root https://www.npmjs.com/package/underscore) isBoolean))","taint",""
"(member (member (parameter (root https://www.npmjs.com/package/glob-parent) 0) length) replace)","taint","(return (root https://www.npmjs.com/package/glob-parent))","taint",""
"(member (member (member (parameter (root https://www.npmjs.com/package/glob-parent) 0) slice) length) replace)","taint","(return (root https://www.npmjs.com/package/glob-parent))","taint",""
"(member (member (parameter (root https://www.npmjs.com/package/glob-parent) 0) slice) replace)","taint","(return (root https://www.npmjs.com/package/glob-parent))","taint",""
"(member (member (parameter (member (root https://www.npmjs.com/package/glob) sync) 1) nocase) filter)","taint","(return (member (root https://www.npmjs.com/package/glob) sync))","taint",""
"(member (member (member (parameter (root https://www.npmjs.com/package/glob-parent) 0) length) length) replace)","taint","(return (root https://www.npmjs.com/package/glob-parent))","taint",""
"(member (member (member (parameter (root https://www.npmjs.com/package/glob-parent) 0) slice) slice) replace)","taint","(return (root https://www.npmjs.com/package/glob-parent))","taint",""
"(member (member (member (parameter (root https://www.npmjs.com/package/glob-parent) 0) length) slice) replace)","taint","(return (root https://www.npmjs.com/package/glob-parent))","taint",""
"(member (parameter (member (root https://www.npmjs.com/package/glob) sync) 1) nocase)","taint","(return (member (root https://www.npmjs.com/package/glob) sync))","taint",""
"(parameter (root https://www.npmjs.com/package/core-js/library/fn/object/create) 0)","taint","(return (root https://www.npmjs.com/package/core-js/library/fn/object/create))","taint",""
"(parameter (root https://www.npmjs.com/package/core-js/library/fn/object/create) 1)","taint","(return (root https://www.npmjs.com/package/core-js/library/fn/object/create))","taint",""
"(member (member (parameter (root https://www.npmjs.com/package/mongoose-legacy-pluralize) 0) toLowerCase) replace)","taint","(return (root https://www.npmjs.com/package/mongoose-legacy-pluralize))","taint",""
"(parameter (member (member (member (member (member (member (member (root https://www.npmjs.com/package/mongoose) connection) db) s) topology) s) server) command) 0)","taint","(return (member (member (member (root https://www.npmjs.com/package/mongoose) connection) db) dropDatabase))","taint",""
"(parameter (member (member (root https://www.npmjs.com/package/aws-sdk) config) extractCredentials) 0)","taint","(return (member (member (root https://www.npmjs.com/package/aws-sdk) config) extractCredentials))","taint",""
"(member (member (parameter (member (root https://www.npmjs.com/package/js-yaml) safeDump) 0) js) sass)","taint","(return (member (root https://www.npmjs.com/package/js-yaml) safeDump))","taint",""
"(member (member (member (member (parameter (member (root https://www.npmjs.com/package/js-yaml) dump) 0) author) type) favorites) food)","taint","(return (member (root https://www.npmjs.com/package/js-yaml) dump))","taint",""
"(member (member (member (member (member (parameter (member (root https://www.npmjs.com/package/js-yaml) dump) 0) author) favorites) food) ice_cream) type)","taint","(return (member (root https://www.npmjs.com/package/js-yaml) dump))","taint",""
"(member (member (parameter (member (root https://www.npmjs.com/package/js-yaml) dump) 0) layout) title)","taint","(return (member (root https://www.npmjs.com/package/js-yaml) dump))","taint",""
"(member (parameter (member (root https://www.npmjs.com/package/js-yaml) safeDump) 0) js)","taint","(return (member (root https://www.npmjs.com/package/js-yaml) safeDump))","taint",""
"(member (parameter (member (root https://www.npmjs.com/package/js-yaml) dump) 0) layout)","taint","(return (member (root https://www.npmjs.com/package/js-yaml) dump))","taint",""
"(member (member (member (parameter (member (root https://www.npmjs.com/package/js-yaml) dump) 0) author) favorites) 0)","taint","(return (member (root https://www.npmjs.com/package/js-yaml) dump))","taint",""
"(member (member (member (member (parameter (member (root https://www.npmjs.com/package/js-yaml) safeDump) 0) js) sass) description) title)","taint","(return (member (root https://www.npmjs.com/package/js-yaml) safeDump))","taint",""
"(member (parameter (member (root https://www.npmjs.com/package/js-yaml) load) 0) slice)","taint","(return (member (root https://www.npmjs.com/package/js-yaml) dump))","taint",""
"(member (parameter (member (root https://www.npmjs.com/package/js-yaml) dump) 0) 1)","taint","(return (member (root https://www.npmjs.com/package/js-yaml) dump))","taint",""
"(member (member (member (parameter (member (root https://www.npmjs.com/package/js-yaml) safeDump) 0) js) sass) description)","taint","(return (member (root https://www.npmjs.com/package/js-yaml) safeDump))","taint",""
"(member (parameter (member (root https://www.npmjs.com/package/js-yaml) safeDump) 1) indent)","taint","(return (member (root https://www.npmjs.com/package/js-yaml) safeDump))","taint",""
"(member (parameter (member (root https://www.npmjs.com/package/js-yaml) safeDump) 0) 1)","taint","(return (member (root https://www.npmjs.com/package/js-yaml) safeDump))","taint",""
"(member (member (parameter (member (root https://www.npmjs.com/package/js-yaml) dump) 0) title) foo)","taint","(return (member (root https://www.npmjs.com/package/js-yaml) dump))","taint",""
"(member (parameter (member (root https://www.npmjs.com/package/js-yaml) safeLoad) 0) slice)","taint","(return (member (root https://www.npmjs.com/package/js-yaml) safeLoad))","taint",""
"(member (member (member (member (member (parameter (member (root https://www.npmjs.com/package/js-yaml) dump) 0) author) favorites) food) ice_cream) color)","taint","(return (member (root https://www.npmjs.com/package/js-yaml) dump))","taint",""
"(member (member (member (member (member (member (member (member (member (member (member (member (member (member (member (member (member (member (member (member (member (member (member (member (member (member (member (member (member (member (member (member (member (member (member (member (member (member (member (member (member (member (member (member (member (member (member (member (parameter (member (root https://www.npmjs.com/package/js-yaml) safeDump) 0) swagger) info) version) title) host) basePath) schemes) 0) 1) consumes) 0) produces) 0) paths) /hello) get) description) operationId) parameters) 0) name) in) description) required) type) responses) 200) description) schema) $ref) default) description) schema) $ref) /swagger) definitions) HelloWorldResponse) required) 0) properties) message) type) ErrorResponse) required) 0) properties) message) 0)","taint","(return (member (root https://www.npmjs.com/package/js-yaml) safeDump))","taint",""
"(member (member (member (member (member (member (member (member (member (member (member (member (member (member (member (member (member (member (member (member (member (member (member (member (member (member (member (member (member (member (member (member (member (member (member (member (member (member (member (member (member (member (member (member (parameter (member (root https://www.npmjs.com/package/js-yaml) safeDump) 0) swagger) info) version) title) host) basePath) schemes) 0) 1) consumes) 0) produces) 0) paths) /hello) get) description) operationId) parameters) 0) name) in) description) required) type) responses) 200) description) schema) $ref) default) description) schema) $ref) /swagger) definitions) HelloWorldResponse) type) ErrorResponse) required) 0) properties) message) 0)","taint","(return (member (root https://www.npmjs.com/package/js-yaml) safeDump))","taint",""
"(member (parameter (member (root https://www.npmjs.com/package/js-yaml) dump) 0) subtitle)","taint","(return (member (root https://www.npmjs.com/package/js-yaml) dump))","taint",""
"(member (member (member (member (parameter (member (root https://www.npmjs.com/package/js-yaml) dump) 0) author) type) favorites) 1)","taint","(return (member (root https://www.npmjs.com/package/js-yaml) dump))","taint",""
"(member (parameter (member (root https://www.npmjs.com/package/js-yaml) safeDump) 0) 3)","taint","(return (member (root https://www.npmjs.com/package/js-yaml) safeDump))","taint",""
"(member (member (member (member (member (parameter (member (root https://www.npmjs.com/package/js-yaml) dump) 0) author) type) favorites) food) ice_cream)","taint","(return (member (root https://www.npmjs.com/package/js-yaml) dump))","taint",""
"(member (member (member (member (parameter (member (root https://www.npmjs.com/package/js-yaml) dump) 0) a) b) c) d)","taint","(return (member (root https://www.npmjs.com/package/js-yaml) dump))","taint",""
"(member (parameter (member (root https://www.npmjs.com/package/js-yaml) dump) 0) title)","taint","(return (member (root https://www.npmjs.com/package/js-yaml) dump))","taint",""
"(member (member (parameter (member (root https://www.npmjs.com/package/js-yaml) dump) 0) server) 0)","taint","(return (member (root https://www.npmjs.com/package/js-yaml) dump))","taint",""
"(member (member (member (member (member (member (parameter (member (root https://www.npmjs.com/package/js-yaml) dump) 0) author) favorites) food) ice_cream) color) type)","taint","(return (member (root https://www.npmjs.com/package/js-yaml) dump))","taint",""
"(member (member (member (member (member (parameter (member (root https://www.npmjs.com/package/js-yaml) dump) 0) author) type) favorites) food) color)","taint","(return (member (root https://www.npmjs.com/package/js-yaml) dump))","taint",""
"(member (parameter (member (root https://www.npmjs.com/package/js-yaml) safeDump) 0) 0)","taint","(return (member (root https://www.npmjs.com/package/js-yaml) safeDump))","taint",""
"(member (parameter (member (root https://www.npmjs.com/package/js-yaml) dump) 0) 0)","taint","(return (member (root https://www.npmjs.com/package/js-yaml) dump))","taint",""
"(member (member (member (member (parameter (member (root https://www.npmjs.com/package/js-yaml) dump) 0) author) type) favorites) 2)","taint","(return (member (root https://www.npmjs.com/package/js-yaml) dump))","taint",""
"(member (member (member (member (member (member (member (member (member (member (member (member (member (member (member (member (member (member (member (member (member (member (member (member (member (member (member (member (member (member (member (member (member (member (member (member (member (member (member (member (member (member (member (member (parameter (member (root https://www.npmjs.com/package/js-yaml) safeDump) 0) swagger) info) version) title) host) basePath) schemes) 0) 1) consumes) 0) produces) 0) paths) /hello) get) description) operationId) parameters) 0) name) in) description) required) type) responses) 200) description) schema) $ref) default) description) schema) $ref) /swagger) definitions) HelloWorldResponse) type) ErrorResponse) required) 0) properties) message) type)","taint","(return (member (root https://www.npmjs.com/package/js-yaml) safeDump))","taint",""
"(member (member (member (parameter (member (root https://www.npmjs.com/package/js-yaml) dump) 0) author) favorites) food)","taint","(return (member (root https://www.npmjs.com/package/js-yaml) dump))","taint",""
"(member (member (member (parameter (member (root https://www.npmjs.com/package/js-yaml) dump) 0) author) favorites) 2)","taint","(return (member (root https://www.npmjs.com/package/js-yaml) dump))","taint",""
"(member (parameter (member (root https://www.npmjs.com/package/js-yaml) dump) 1) indent)","taint","(return (member (root https://www.npmjs.com/package/js-yaml) dump))","taint",""
"(member (member (parameter (member (root https://www.npmjs.com/package/js-yaml) dump) 0) foo) bar)","taint","(return (member (root https://www.npmjs.com/package/js-yaml) dump))","taint",""
"(member (member (member (member (parameter (member (root https://www.npmjs.com/package/js-yaml) load) 0) slice) properties) message) type)","taint","(return (member (root https://www.npmjs.com/package/js-yaml) dump))","taint",""
"(member (member (member (member (parameter (member (root https://www.npmjs.com/package/js-yaml) dump) 0) author) type) favorites) 0)","taint","(return (member (root https://www.npmjs.com/package/js-yaml) dump))","taint",""
"(member (parameter (member (root https://www.npmjs.com/package/js-yaml) load) 0) slice)","taint","(return (member (root https://www.npmjs.com/package/js-yaml) load))","taint",""
"(member (member (member (parameter (member (root https://www.npmjs.com/package/js-yaml) dump) 0) author) favorites) 1)","taint","(return (member (root https://www.npmjs.com/package/js-yaml) dump))","taint",""
"(member (member (member (member (parameter (member (root https://www.npmjs.com/package/js-yaml) dump) 0) title) tags) 0) 1)","taint","(return (member (root https://www.npmjs.com/package/js-yaml) dump))","taint",""
"(member (member (member (member (parameter (member (root https://www.npmjs.com/package/js-yaml) dump) 0) a) b) c) 0)","taint","(return (member (root https://www.npmjs.com/package/js-yaml) dump))","taint",""
"(member (member (member (member (member (member (parameter (member (root https://www.npmjs.com/package/js-yaml) dump) 0) author) type) favorites) food) color) ice_cream)","taint","(return (member (root https://www.npmjs.com/package/js-yaml) dump))","taint",""
"(member (member (parameter (member (root https://www.npmjs.com/package/js-yaml) dump) 0) foo) 0)","taint","(return (member (root https://www.npmjs.com/package/js-yaml) dump))","taint",""
"(member (member (member (member (member (member (member (member (member (member (member (member (member (member (member (member (member (member (member (member (member (member (member (member (member (member (member (member (member (member (member (member (member (member (member (member (member (member (member (member (member (member (member (member (member (member (member (member (parameter (member (root https://www.npmjs.com/package/js-yaml) safeDump) 0) swagger) info) version) title) host) basePath) schemes) 0) 1) consumes) 0) produces) 0) paths) /hello) get) description) operationId) parameters) 0) name) in) description) required) type) responses) 200) description) schema) $ref) default) description) schema) $ref) /swagger) definitions) HelloWorldResponse) required) 0) properties) message) type) ErrorResponse) required) 0) properties) message) type)","taint","(return (member (root https://www.npmjs.com/package/js-yaml) safeDump))","taint",""
"(member (member (member (member (parameter (member (root https://www.npmjs.com/package/js-yaml) load) 0) slice) properties) message) 0)","taint","(return (member (root https://www.npmjs.com/package/js-yaml) dump))","taint",""
"(member (member (parameter (member (root https://www.npmjs.com/package/js-yaml) dump) 0) title) replace)","taint","(return (member (root https://www.npmjs.com/package/js-yaml) dump))","taint",""
"(member (member (member (member (parameter (member (root https://www.npmjs.com/package/js-yaml) dump) 0) author) favorites) food) ice_cream)","taint","(return (member (root https://www.npmjs.com/package/js-yaml) dump))","taint",""
"(member (parameter (member (root https://www.npmjs.com/package/js-yaml) safeDump) 0) 2)","taint","(return (member (root https://www.npmjs.com/package/js-yaml) safeDump))","taint",""
"(member (parameter (root https://www.npmjs.com/package/lodash._basecopy) 2) 2)","taint","(return (root https://www.npmjs.com/package/lodash._basecopy))","taint",""
"(member (member (parameter (root https://www.npmjs.com/package/lodash._getnative) 0) 2) 2)","taint","(return (root https://www.npmjs.com/package/lodash._basecopy))","taint",""
"(member (member (member (member (member (parameter (root https://www.npmjs.com/package/lodash._basecopy) 2) 2) 2) 2) 2) 2)","taint","(return (root https://www.npmjs.com/package/lodash._basecopy))","taint",""
"(parameter (root https://www.npmjs.com/package/lodash/repeat) 0)","taint","(return (root https://www.npmjs.com/package/lodash/repeat))","taint",""
"(member (member (parameter (root https://www.npmjs.com/package/lodash._basecopy) 2) 2) 2)","taint","(return (root https://www.npmjs.com/package/lodash.assign))","taint",""
"(member (member (parameter (root https://www.npmjs.com/package/lodash/set) 0) employee) key)","taint","(return (root https://www.npmjs.com/package/lodash/set))","taint",""
"(member (parameter (root https://www.npmjs.com/package/lodash.mergewith) 1) text-align)","taint","(return (root https://www.npmjs.com/package/lodash.mergewith))","taint",""
"(member (member (member (member (member (member (member (member (member (member (member (member (member (member (member (parameter (member (root https://www.npmjs.com/package/lodash) merge) 1) c:title) c:tx) c:rich) a:bodyPr) a:lstStyle) a:p) a:pPr) a:defRPr) a:r) a:rPr) a:endParaRPr) c:layout) c:overlay) constructor) prototype)","taint","(return (member (root https://www.npmjs.com/package/lodash) merge))","taint",""
"(member (parameter (root https://www.npmjs.com/package/lodash.escaperegexp) 0) replace)","taint","(return (root https://www.npmjs.com/package/lodash.escaperegexp))","taint",""
"(parameter (root https://www.npmjs.com/package/lodash._basecopy) 2)","taint","(return (root https://www.npmjs.com/package/lodash._basecopy))","taint",""
"(parameter (root https://www.npmjs.com/package/lodash/escapeRegExp) 0)","taint","(return (root https://www.npmjs.com/package/lodash/escapeRegExp))","taint",""
"(member (member (member (member (member (member (parameter (root https://www.npmjs.com/package/lodash._basecopy) 2) 2) 2) 2) 2) 2) 2)","taint","(return (root https://www.npmjs.com/package/lodash._basecopy))","taint",""
"(member (member (member (parameter (root https://www.npmjs.com/package/lodash._getnative) 0) 2) 2) 2)","taint","(return (root https://www.npmjs.com/package/lodash.assign))","taint",""
"(member (member (member (member (member (member (member (member (member (member (member (member (member (member (member (member (parameter (member (root https://www.npmjs.com/package/lodash) merge) 1) c:title) c:tx) c:rich) a:bodyPr) a:lstStyle) a:p) a:pPr) a:defRPr) a:r) a:rPr) a:endParaRPr) c:layout) c:overlay) constructor) prototype) c:numFmt)","taint","(return (member (root https://www.npmjs.com/package/lodash) merge))","taint",""
"(parameter (member (root https://www.npmjs.com/package/lodash) map) 0)","taint","(return (member (root https://www.npmjs.com/package/lodash) assign))","taint",""
"(parameter (member (root https://www.npmjs.com/package/lodash) merge) 1)","taint","(return (member (root https://www.npmjs.com/package/lodash) merge))","taint",""
"(member (member (parameter (root https://www.npmjs.com/package/lodash._getnative) 0) 2) 0)","taint","(return (root https://www.npmjs.com/package/lodash.keys))","taint",""
"(member (member (member (member (member (member (member (parameter (root https://www.npmjs.com/package/lodash._getnative) 0) 2) 2) 2) 2) 2) 2) 2)","taint","(return (root https://www.npmjs.com/package/lodash._basecopy))","taint",""
"(member (parameter (root https://www.npmjs.com/package/lodash/escapeRegExp) 0) replace)","taint","(return (root https://www.npmjs.com/package/lodash/escapeRegExp))","taint",""
"(parameter (member (root https://www.npmjs.com/package/lodash) isString) 0)","taint","(return (member (root https://www.npmjs.com/package/lodash) isString))","taint",""
"(member (member (parameter (member (root https://www.npmjs.com/package/lodash) clone) 0) constructor) prototype)","taint","(return (member (root https://www.npmjs.com/package/lodash) clone))","taint",""
"(parameter (root https://www.npmjs.com/package/lodash._basecopy) 2)","taint","(return (root https://www.npmjs.com/package/lodash.assign))","taint",""
"(parameter (member (root https://www.npmjs.com/package/lodash) forEach) 0)","taint","(return (member (root https://www.npmjs.com/package/lodash) forEach))","taint",""
"(member (member (member (member (member (parameter (root https://www.npmjs.com/package/lodash._getnative) 0) 2) 2) 2) 2) 0)","taint","(return (root https://www.npmjs.com/package/lodash.keys))","taint",""
"(member (member (member (member (parameter (root https://www.npmjs.com/package/lodash/set) 0) col4) col3) 0) col4)","taint","(return (root https://www.npmjs.com/package/lodash/set))","taint",""
"(member (member (member (member (member (parameter (root https://www.npmjs.com/package/lodash._getnative) 0) 2) 2) 2) 2) 2)","taint","(return (root https://www.npmjs.com/package/lodash._basecopy))","taint",""
"(parameter (root https://www.npmjs.com/package/lodash._baseassign) 0)","taint","(return (root https://www.npmjs.com/package/lodash.keys))","taint",""
"(parameter (root https://www.npmjs.com/package/lodash.set) 0)","taint","(return (root https://www.npmjs.com/package/lodash.set))","taint",""
"(member (parameter (root https://www.npmjs.com/package/lodash._basecopy) 2) 0)","taint","(return (root https://www.npmjs.com/package/lodash.keys))","taint",""
"(member (parameter (root https://www.npmjs.com/package/lodash/set) 0) fieldA)","taint","(return (root https://www.npmjs.com/package/lodash/set))","taint",""
"(member (member (member (member (member (member (member (member (parameter (member (root https://www.npmjs.com/package/lodash) merge) 1) c:spPr) a:solidFill) a:schemeClr) a:ln) a:solidFill) a:schemeClr) constructor) prototype)","taint","(return (member (root https://www.npmjs.com/package/lodash) merge))","taint",""
"(parameter (root https://www.npmjs.com/package/lodash._getnative) 0)","taint","(return (root https://www.npmjs.com/package/lodash.keys))","taint",""
"(member (member (member (parameter (root https://www.npmjs.com/package/lodash._basecopy) 2) 2) 2) 0)","taint","(return (root https://www.npmjs.com/package/lodash.keys))","taint",""
"(member (member (member (member (member (member (parameter (member (root https://www.npmjs.com/package/lodash) merge) 1) context) constructor) prototype) 0) length) length)","taint","(return (member (root https://www.npmjs.com/package/lodash) isEmpty))","taint",""
"(parameter (member (root https://www.npmjs.com/package/lodash) create) 1)","taint","(return (member (root https://www.npmjs.com/package/lodash) create))","taint",""
"(member (member (member (parameter (member (root https://www.npmjs.com/package/lodash) merge) 1) context) constructor) prototype)","taint","(return (member (root https://www.npmjs.com/package/lodash) merge))","taint",""
"(member (parameter (root https://www.npmjs.com/package/lodash/set) 0) b)","taint","(return (root https://www.npmjs.com/package/lodash/set))","taint",""
"(parameter (member (root https://www.npmjs.com/package/lodash) has) 1)","taint","(return (member (root https://www.npmjs.com/package/lodash) has))","taint",""
"(parameter (root https://www.npmjs.com/package/lodash._getnative) 0)","taint","(return (root https://www.npmjs.com/package/lodash.assign))","taint",""
"(member (parameter (root https://www.npmjs.com/package/lodash._basecopy) 2) 2)","taint","(return (root https://www.npmjs.com/package/lodash.assign))","taint",""
"(member (member (member (member (member (parameter (root https://www.npmjs.com/package/lodash._basecopy) 2) 2) 2) 2) 2) 0)","taint","(return (root https://www.npmjs.com/package/lodash.keys))","taint",""
"(member (member (member (member (member (parameter (root https://www.npmjs.com/package/lodash._getnative) 0) 2) 2) 2) 2) 2)","taint","(return (root https://www.npmjs.com/package/lodash.assign))","taint",""
"(member (parameter (member (root https://www.npmjs.com/package/lodash) assign) 2) 1)","taint","(return (member (root https://www.npmjs.com/package/lodash) has))","taint",""
"(member (member (member (member (member (member (member (member (member (member (member (parameter (member (root https://www.npmjs.com/package/lodash) merge) 1) 1) context) constructor) prototype) 1) context) constructor) prototype) 0) length) length)","taint","(return (member (root https://www.npmjs.com/package/lodash) isEmpty))","taint",""
"(parameter (member (root https://www.npmjs.com/package/lodash) each) 0)","taint","(return (member (root https://www.npmjs.com/package/lodash) extend))","taint",""
"(member (member (member (member (parameter (member (root https://www.npmjs.com/package/lodash) merge) 1) 1) context) constructor) prototype)","taint","(return (member (root https://www.npmjs.com/package/lodash) merge))","taint",""
"(member (parameter (root https://www.npmjs.com/package/lodash.set) 0) locals)","taint","(return (root https://www.npmjs.com/package/lodash.set))","taint",""
"(parameter (root https://www.npmjs.com/package/lodash._basecopy) 2)","taint","(return (root https://www.npmjs.com/package/lodash.keys))","taint",""
"(member (member (member (parameter (root https://www.npmjs.com/package/lodash._getnative) 0) 2) 2) 2)","taint","(return (root https://www.npmjs.com/package/lodash._basecopy))","taint",""
"(member (member (member (member (parameter (root https://www.npmjs.com/package/lodash._basecopy) 2) 2) 2) 2) 2)","taint","(return (root https://www.npmjs.com/package/lodash._basecopy))","taint",""
"(member (parameter (root https://www.npmjs.com/package/lodash/set) 0) user)","taint","(return (root https://www.npmjs.com/package/lodash/set))","taint",""
"(member (parameter (root https://www.npmjs.com/package/lodash.set) 0) auth)","taint","(return (root https://www.npmjs.com/package/lodash.set))","taint",""
"(member (member (member (parameter (root https://www.npmjs.com/package/lodash._basecopy) 2) 2) 2) 2)","taint","(return (root https://www.npmjs.com/package/lodash._basecopy))","taint",""
"(parameter (root https://www.npmjs.com/package/lodash._basetostring) 0)","taint","(return (root https://www.npmjs.com/package/lodash._basetostring))","taint",""
"(parameter (member (root https://www.npmjs.com/package/lodash) defaults) 2)","taint","(return (member (root https://www.npmjs.com/package/lodash) defaults))","taint",""
"(member (parameter (root https://www.npmjs.com/package/lodash/set) 0) col4)","taint","(return (root https://www.npmjs.com/package/lodash/set))","taint",""
"(member (parameter (member (root https://www.npmjs.com/package/lodash) has) 0) password)","taint","(return (member (root https://www.npmjs.com/package/lodash) assign))","taint",""
"(member (parameter (root https://www.npmjs.com/package/lodash/set) 0) column10)","taint","(return (root https://www.npmjs.com/package/lodash/set))","taint",""
"(member (parameter (member (root https://www.npmjs.com/package/lodash) concat) 0) length)","taint","(return (member (root https://www.npmjs.com/package/lodash) concat))","taint",""
"(parameter (root https://www.npmjs.com/package/lodash._basevalues) 0)","taint","(return (root https://www.npmjs.com/package/lodash.keys))","taint",""
"(member (parameter (root https://www.npmjs.com/package/lodash._getnative) 0) 0)","taint","(return (root https://www.npmjs.com/package/lodash.keys))","taint",""
"(member (member (member (member (member (member (member (member (member (member (member (parameter (member (root https://www.npmjs.com/package/lodash) merge) 1) context) constructor) prototype) 1) context) constructor) prototype) 1) context) constructor) prototype)","taint","(return (member (root https://www.npmjs.com/package/lodash) merge))","taint",""
"(parameter (root https://www.npmjs.com/package/lodash/clone) 0)","taint","(return (root https://www.npmjs.com/package/lodash/clone))","taint",""
"(member (member (member (member (parameter (root https://www.npmjs.com/package/lodash._basecopy) 2) 2) 2) 2) 0)","taint","(return (root https://www.npmjs.com/package/lodash.keys))","taint",""
"(member (parameter (root https://www.npmjs.com/package/lodash/set) 0) col2)","taint","(return (root https://www.npmjs.com/package/lodash/set))","taint",""
"(parameter (root https://www.npmjs.com/package/lodash.clonedeep) 0)","taint","(return (root https://www.npmjs.com/package/lodash.clonedeep))","taint",""
"(member (member (parameter (member (root https://www.npmjs.com/package/lodash) isEmpty) 0) length) length)","taint","(return (member (root https://www.npmjs.com/package/lodash) isEmpty))","taint",""
"(member (parameter (root https://www.npmjs.com/package/lodash/set) 0) c)","taint","(return (root https://www.npmjs.com/package/lodash/set))","taint",""
"(member (member (member (member (member (member (member (parameter (member (root https://www.npmjs.com/package/lodash) merge) 1) context) constructor) prototype) 1) context) constructor) prototype)","taint","(return (member (root https://www.npmjs.com/package/lodash) merge))","taint",""
"(parameter (member (root https://www.npmjs.com/package/lodash) defaults) 1)","taint","(return (member (root https://www.npmjs.com/package/lodash) defaults))","taint",""
"(member (member (member (member (member (member (member (member (parameter (member (root https://www.npmjs.com/package/lodash) merge) 1) 1) context) constructor) prototype) 1) context) constructor) prototype)","taint","(return (member (root https://www.npmjs.com/package/lodash) merge))","taint",""
"(member (parameter (root https://www.npmjs.com/package/lodash/set) 0) address)","taint","(return (root https://www.npmjs.com/package/lodash/set))","taint",""
"(member (parameter (root https://www.npmjs.com/package/lodash._getnative) 0) 2)","taint","(return (root https://www.npmjs.com/package/lodash._basecopy))","taint",""
"(parameter (member (root https://www.npmjs.com/package/lodash) isObject) 0)","taint","(return (member (root https://www.npmjs.com/package/lodash) isObject))","taint",""
"(member (member (member (parameter (root https://www.npmjs.com/package/lodash._basecopy) 2) 2) 2) 2)","taint","(return (root https://www.npmjs.com/package/lodash.assign))","taint",""
"(parameter (member (root https://www.npmjs.com/package/lodash) each) 0)","taint","(return (member (root https://www.npmjs.com/package/lodash) assign))","taint",""
"(parameter (member (root https://www.npmjs.com/package/lodash) cloneDeep) 0)","taint","(return (member (root https://www.npmjs.com/package/lodash) cloneDeep))","taint",""
"(member (parameter (root https://www.npmjs.com/package/lodash._getnative) 0) keys)","taint","(return (root https://www.npmjs.com/package/lodash._getnative))","taint",""
"(member (parameter (member (root https://www.npmjs.com/package/lodash) map) 0) length)","taint","(return (member (root https://www.npmjs.com/package/lodash) map))","taint",""
"(member (member (member (member (member (member (member (member (member (member (parameter (member (root https://www.npmjs.com/package/lodash) merge) 1) context) constructor) prototype) 1) context) constructor) prototype) 0) length) length)","taint","(return (member (root https://www.npmjs.com/package/lodash) isEmpty))","taint",""
"(member (member (member (member (member (member (parameter (root https://www.npmjs.com/package/lodash._getnative) 0) 2) 2) 2) 2) 2) 2)","taint","(return (root https://www.npmjs.com/package/lodash._basecopy))","taint",""
"(member (member (parameter (member (root https://www.npmjs.com/package/lodash) assign) 2) 0) password)","taint","(return (member (root https://www.npmjs.com/package/lodash) assign))","taint",""
"(member (member (member (parameter (root https://www.npmjs.com/package/lodash._getnative) 0) 2) 2) 0)","taint","(return (root https://www.npmjs.com/package/lodash.keys))","taint",""
"(member (member (member (member (parameter (root https://www.npmjs.com/package/lodash._getnative) 0) 2) 2) 2) 2)","taint","(return (root https://www.npmjs.com/package/lodash._basecopy))","taint",""
"(member (parameter (root https://www.npmjs.com/package/lodash._basevalues) 1) length)","taint","(return (root https://www.npmjs.com/package/lodash._basevalues))","taint",""
"(member (member (parameter (root https://www.npmjs.com/package/lodash._basecopy) 2) 2) 0)","taint","(return (root https://www.npmjs.com/package/lodash.keys))","taint",""
"(member (parameter (root https://www.npmjs.com/package/lodash/set) 0) employee)","taint","(return (root https://www.npmjs.com/package/lodash/set))","taint",""
"(member (member (parameter (root https://www.npmjs.com/package/lodash._basecopy) 2) 2) 2)","taint","(return (root https://www.npmjs.com/package/lodash._basecopy))","taint",""
"(member (member (member (member (parameter (root https://www.npmjs.com/package/lodash._basecopy) 2) 2) 2) 2) 2)","taint","(return (root https://www.npmjs.com/package/lodash.assign))","taint",""
"(member (parameter (member (root https://www.npmjs.com/package/lodash) has) 0) code)","taint","(return (member (root https://www.npmjs.com/package/lodash) assign))","taint",""
"(member (member (member (member (member (parameter (member (root https://www.npmjs.com/package/lodash) merge) 1) c:scaling) c:orientation) c:max) constructor) prototype)","taint","(return (member (root https://www.npmjs.com/package/lodash) merge))","taint",""
"(member (member (member (member (member (member (parameter (root https://www.npmjs.com/package/lodash._getnative) 0) 2) 2) 2) 2) 2) 0)","taint","(return (root https://www.npmjs.com/package/lodash.keys))","taint",""
"(member (member (parameter (root https://www.npmjs.com/package/lodash/clone) 0) constructor) prototype)","taint","(return (root https://www.npmjs.com/package/lodash/clone))","taint",""
"(member (member (parameter (root https://www.npmjs.com/package/lodash/set) 0) fieldA) address)","taint","(return (root https://www.npmjs.com/package/lodash/set))","taint",""
"(parameter (member (root https://www.npmjs.com/package/lodash) extend) 1)","taint","(return (member (root https://www.npmjs.com/package/lodash) extend))","taint",""